,Magic Number,Number of Sections,number of symbols,has relocs,is dll,verify checksum,time stamp,characteristics,address of entry point,size of init data,size of uninit data,checksum,label
0,23117,10,0,False,False,False,1405441636,259,14405,446976,3072,0,0
1,23117,12,0,True,True,False,1405441430,8450,13281,41472,5632,0,0
2,23117,3,0,False,False,False,1208114074,287,49541,5120,0,32768,0
3,23117,3,0,False,False,False,998081833,271,9411,36864,0,32768,0
4,23117,3,0,False,False,False,1208111818,287,62579,282112,0,0,0
5,23117,4,0,True,True,False,1405441202,8450,42,5120,0,0,0
6,23117,3,0,False,False,False,998081888,271,5024,2048,0,32768,0
7,23117,3,0,False,False,False,1208112027,271,17680,2048,0,32768,0
8,23117,3,0,False,False,False,1208111630,271,5919,11264,0,32768,0
9,23117,3,0,False,False,False,998081639,271,7692,1536,0,32768,0
10,23117,3,0,False,False,False,1208111772,271,20945,28160,0,32768,0
11,23117,3,0,False,False,False,1208111624,271,74826,121856,0,32768,0
12,23117,7,0,True,True,False,1405441470,8450,31509,28672,0,0,0
13,23117,7,0,True,True,False,1405441459,8450,15291,24576,0,0,0
14,23117,4,0,True,True,False,1405441206,8450,42,5632,0,0,0
15,23117,12,0,True,True,False,1405441838,8450,8241,7680,5632,0,0
16,23117,10,0,True,True,False,1405441593,8450,4217,146432,512,0,0
17,23117,3,0,False,False,False,998081326,271,4442,8192,0,32768,0
18,23117,3,0,False,False,False,990825149,271,12210,31744,0,0,0
19,23117,3,0,False,False,False,1208112992,271,10716,1536,0,32768,0
20,23117,3,0,False,False,False,998081829,271,7351,7168,0,32768,0
21,23117,3,0,False,False,False,998082371,271,59056,32256,0,32768,0
22,23117,3,0,False,False,False,998081587,271,9074,1536,0,32768,0
23,23117,4,0,True,True,False,1405441199,8450,42,5632,0,0,0
24,23117,3,0,False,False,False,1208111615,271,158535,1077248,0,32768,0
25,23117,3,0,False,False,False,1208112556,271,9381,3072,0,32768,0
26,23117,3,0,False,False,False,1208111691,271,47495,422400,0,32768,0
27,23117,3,0,False,False,False,1208111829,271,8264,3584,0,33792,0
28,23117,3,0,False,False,False,998081709,271,34989,24064,0,32768,0
29,23117,3,0,False,False,False,1208111799,271,9663,2048,0,32768,0
30,23117,12,0,True,True,False,1405441680,8450,17217,244224,5632,0,0
31,23117,3,0,False,False,False,1208111505,271,8102,8192,0,32768,0
32,23117,4,0,True,True,False,1405441199,8450,42,5120,0,0,0
33,23117,3,0,False,False,False,1208111774,271,22664,2048,0,32768,0
34,23117,4,0,True,True,False,1405441200,8450,42,5120,0,0,0
35,23117,3,0,False,False,False,1208111518,271,15206,15360,0,32768,0
36,23117,12,0,True,True,False,1405441386,8450,9089,8704,5632,0,0
37,23117,11,0,True,True,False,1405441375,8450,23249,36864,5632,0,0
38,23117,12,0,True,True,False,1405441432,8450,41569,42496,5632,0,0
39,23117,3,0,False,False,False,998081740,271,8788,3072,0,32768,0
40,23117,3,0,False,False,False,1208111638,271,28635,43008,0,0,0
41,23117,10,0,False,False,False,1405441608,259,10799,92160,1536,0,0
42,23117,9,0,True,True,False,1405441458,8450,4974,24576,4096,0,0
43,23117,3,0,False,False,False,1208111829,271,7174,27136,0,32768,0
44,23117,3,0,False,False,False,1208112261,271,45072,123392,0,32768,0
45,23117,3,0,False,False,False,1208111627,271,18939,47104,0,32768,0
46,23117,4,0,True,True,False,1405441199,8450,42,5120,0,0,0
47,23117,3,0,False,False,False,998081772,271,7930,6656,0,32768,0
48,23117,3,0,False,False,False,998081333,303,4683,1536,0,32768,0
49,23117,3,0,False,False,False,998081748,271,7737,7168,0,32768,0
50,23117,3,0,False,False,False,1208111515,271,84519,61440,0,32768,0
51,23117,12,0,True,True,False,1405441762,8450,243409,321024,5632,0,0
52,23117,3,0,False,False,False,1208113176,271,5127,7680,0,32768,0
53,23117,3,0,False,False,False,1208113174,271,10480,12800,0,32768,0
54,23117,12,0,True,True,False,1405441696,8450,14881,9728,5632,0,0
55,23117,3,0,False,False,False,1208111689,271,248208,62464,0,32768,0
56,23117,3,0,False,False,False,1208111456,271,53705,26624,0,32768,0
57,23117,3,0,False,False,False,1208111765,271,4735,26112,0,33792,0
58,23117,3,0,False,False,False,1208111624,271,97693,49152,0,32768,0
59,23117,3,0,False,False,False,1208111732,271,22894,57344,0,32768,0
60,23117,4,0,True,False,False,1200722503,258,218688,348160,0,33088,0
61,23117,4,0,False,False,False,1208111915,271,11336,27648,0,32768,0
62,23117,4,0,True,True,False,1405441205,8450,42,6144,0,0,0
63,23117,3,0,False,False,False,998081825,271,5484,8704,0,32768,0
64,23117,5,0,True,False,False,1362482422,290,35016,1026560,0,33088,0
65,23117,4,0,False,False,False,1208111768,271,1441717,637440,0,32768,0
66,23117,3,0,False,False,False,998081606,271,7773,1536,0,32768,0
67,23117,3,0,False,False,False,1208111884,271,10140,12288,0,32768,0
68,23117,3,0,False,False,False,998081628,271,9960,1536,0,32768,0
69,23117,3,0,False,False,False,998081698,271,28381,19968,0,32768,0
70,23117,3,0,False,False,False,1208111506,271,6626,20480,0,32768,0
71,23117,3,0,False,False,False,998081728,271,8113,11264,0,32768,0
72,23117,3,0,False,False,False,1208111925,271,10268,2560,0,32768,0
73,23117,4,0,True,False,False,998081866,270,8668,68096,0,0,0
74,23117,12,0,True,True,False,1405441366,8450,5233,29696,1024,0,0
75,23117,3,0,False,False,False,1208111663,271,388587,590848,0,32768,0
76,23117,3,0,False,False,False,1208114417,271,4335,61440,0,33792,0
77,23117,3,0,False,False,False,998081334,271,7754,12800,0,32768,0
78,23117,4,0,True,True,False,1405441204,8450,42,5120,0,0,0
79,23117,3,0,False,False,False,998081618,271,20377,8704,0,32768,0
80,23117,3,0,False,False,False,998081850,287,7755,23552,0,32768,0
81,23117,3,0,False,False,False,1187700815,271,24625,5120,0,32768,0
82,23117,4,0,False,False,False,1208111921,271,88135,21504,0,32768,0
83,23117,3,0,False,False,False,1208111597,271,15667,32256,0,32768,0
84,23117,12,0,True,True,False,1405441880,8450,40161,475648,1536,0,0
85,23117,4,48,False,True,False,1405441237,8966,42,18944,0,0,0
86,23117,3,0,False,False,False,1208111804,271,7168,2048,0,32768,0
87,23117,3,0,False,False,False,1208111616,271,16090,3072,0,32768,0
88,23117,4,0,True,True,False,1405441201,8450,42,6144,0,0,0
89,23117,8,0,True,True,False,1405441434,8450,7245,24576,4096,0,0
90,23117,3,0,False,False,False,1208112121,271,10531,3072,0,32768,0
91,23117,9,0,False,False,False,1405441353,259,5357,5120,1536,0,0
92,23117,4,0,True,False,False,1208114224,270,107913,752128,0,32768,0
93,23117,3,0,False,False,False,1208111819,271,15145,12288,0,32768,0
94,23117,10,0,False,False,False,1405441637,259,13029,269824,2560,0,0
95,23117,3,0,False,False,False,1208111907,271,49933,83968,0,32768,0
96,23117,12,0,True,True,False,1405441399,8450,115009,57344,5632,0,0
97,23117,3,0,False,False,False,990825147,271,12210,31744,0,0,0
98,23117,3,0,False,False,False,1208113172,271,25300,35328,0,32768,0
99,23117,4,0,False,False,False,1208111633,271,27742,22528,0,32768,0
100,23117,10,0,False,False,False,1405441352,259,8616,8192,1536,0,0
101,23117,11,0,True,False,False,1405441522,258,1309851,559616,111616,0,0
102,23117,11,0,True,True,False,1405441394,8450,6321,6656,1024,0,0
103,23117,11,0,True,True,False,1405441432,8450,34001,14336,5632,0,0
104,23117,3,0,False,False,False,1208111564,271,51448,50176,0,32768,0
105,23117,3,0,False,False,False,998081482,271,8378,11776,0,32768,0
106,23117,3,0,False,False,False,1208112796,271,142275,376320,0,32768,0
107,23117,3,0,False,False,False,1208111755,271,43409,16896,0,32768,0
108,23117,3,0,False,False,False,1208112966,271,12643,11264,0,32768,0
109,23117,3,0,False,False,False,998081553,271,22993,16896,0,32768,0
110,23117,3,0,False,False,False,1208111495,271,28630,157184,0,32768,0
111,23117,4,0,True,True,False,1405441202,8450,42,6144,0,0,0
112,23117,3,0,False,False,False,998081333,271,11928,9216,0,32768,0
113,23117,7,0,True,True,False,1405441444,8450,6742,20480,0,0,0
114,23117,11,0,True,True,False,1405441380,8450,9313,7168,5632,0,0
115,23117,3,0,False,False,False,1208112386,271,31517,145408,0,32768,0
116,23117,2,0,False,False,False,998081231,271,4363,1024,0,32768,0
117,23117,3,0,False,False,False,998081616,271,7283,1536,0,32768,0
118,23117,3,0,False,False,False,998081664,271,24495,32256,0,32768,0
119,23117,12,0,True,True,False,1405441383,8450,22033,14336,5632,0,0
120,23117,9,0,True,True,False,1405441438,8450,4138,24576,4096,0,0
121,23117,10,0,False,False,False,1405441665,259,7893,11264,2048,0,0
122,23117,3,0,False,False,False,1208112259,271,39924,24064,0,32768,0
123,23117,3,0,False,False,False,1208111832,271,5805,6144,0,32768,0
124,23117,11,0,True,True,False,1405441763,8450,24753,13312,5632,0,0
125,23117,3,0,False,False,False,1208113080,271,12414,30208,0,32768,0
126,23117,3,0,False,False,False,998081828,271,9716,11264,0,32768,0
127,23117,3,0,False,False,False,1208113190,271,50136,20480,0,32768,0
128,23117,3,0,False,False,False,1208114112,271,9523,2560,0,33792,0
129,23117,12,0,True,True,False,1405441897,8450,291713,133120,5632,0,0
130,23117,3,0,False,False,False,1208111784,271,15820,21504,0,32768,0
131,23117,12,0,True,True,False,1405441394,8450,12305,8704,5632,0,0
132,23117,3,0,False,False,False,1208111578,271,11146,12288,0,32768,0
133,23117,4,0,True,True,False,1405441204,8450,42,5120,0,0,0
134,23117,3,0,False,False,False,1208111976,271,97523,20992,0,32768,0
135,23117,3,0,False,False,False,998081436,271,6354,3584,0,32768,0
136,23117,3,0,False,False,False,1208111639,271,14268,20480,0,32768,0
137,23117,5,0,True,False,False,1362482427,290,16428,40448,0,33088,0
138,23117,3,0,False,False,False,1208111771,271,21914,30208,0,32768,0
139,23117,4,0,True,True,False,1405441199,8450,42,4608,0,0,0
140,23117,7,0,True,True,False,1405441463,8450,5008,20480,0,0,0
141,23117,8,1167,False,False,False,1405441039,775,5386,34816,3584,0,0
142,23117,11,0,True,True,False,1405441380,8450,17249,27136,5632,0,0
143,23117,3,0,False,False,False,998081842,271,11524,17408,0,32768,0
144,23117,3,0,False,False,False,1208111565,271,25734,30720,0,33792,0
145,23117,4,0,False,False,False,976557303,271,5879,24576,0,0,0
146,23117,3,0,False,False,False,1208111885,271,167982,86016,0,32768,0
147,23117,3,0,False,False,False,998081223,271,6132,3584,0,0,0
148,23117,4,82,False,True,False,1405441238,8966,42,4096,0,0,0
149,23117,3,0,False,False,False,1208111586,271,12031,2048,0,32768,0
150,23117,3,0,False,False,False,998081825,271,4882,3072,0,32768,0
151,23117,4,0,True,False,False,1195265680,258,11165,53248,0,33088,0
152,23117,3,0,False,False,False,1208111762,1295,15602,82432,0,32768,0
153,23117,12,0,True,True,False,1405441421,8450,23809,16896,5632,0,0
154,23117,3,0,False,False,False,1208111629,271,19327,18432,0,32768,0
155,23117,3,0,False,False,False,1208111839,271,4815,2560,0,33792,0
156,23117,3,0,False,False,False,1208111603,271,6844,26112,0,32768,0
157,23117,4,0,True,True,False,1405441201,8450,42,5632,0,0,0
158,23117,3,0,False,False,False,1208111724,271,62232,18944,0,32768,0
159,23117,3,0,False,False,False,998081557,271,5375,27648,0,32768,0
160,23117,12,0,True,True,False,1405441820,8450,11681,9216,1024,0,0
161,23117,12,0,True,True,False,1405441883,8450,473249,12695552,7168,0,0
162,23117,3,0,False,False,False,1208111607,271,77263,40448,0,32768,0
163,23117,10,0,False,False,False,1405441604,259,9558,28160,1536,0,0
164,23117,3,0,False,False,False,1208111465,271,34856,11264,0,32768,0
165,23117,11,0,True,True,False,1405441687,8450,22225,10240,5632,0,0
166,23117,3,0,False,False,False,1208112739,271,89140,75264,0,32768,0
167,23117,4,0,False,False,False,1208111920,271,73669,48128,0,32768,0
168,23117,4,0,True,True,False,1405441201,8450,42,5120,0,0,0
169,23117,3,0,False,False,False,998081834,271,7970,3584,0,32768,0
170,23117,3,0,False,False,False,1208111755,271,22002,7168,0,32768,0
171,23117,9,0,True,True,False,1405441454,8450,20651,24576,4096,0,0
172,23117,3,0,False,False,False,1208111754,271,28549,44544,0,32768,0
173,23117,3,0,False,False,False,998081627,271,61890,30720,0,32768,0
174,23117,3,0,False,False,False,998081678,271,126396,143360,0,32768,0
175,23117,3,0,False,False,False,1117068219,271,5553,7168,0,32768,0
176,23117,3,0,False,False,False,998081749,271,23260,26624,0,32768,0
177,23117,4,0,True,True,False,1405441202,8450,42,5120,0,0,0
178,23117,3,0,False,False,False,998081827,271,6563,8192,0,32768,0
179,23117,3,0,False,False,False,1208112054,3343,77088,185344,0,32768,0
180,23117,5,0,True,False,False,1362482419,290,63196,1066496,0,33088,0
181,23117,3,0,False,False,False,1208112243,1295,42268,74752,0,32768,0
182,23117,9,0,True,True,False,1405441432,8450,34084,40960,4096,0,0
183,23117,3,0,False,False,False,998081658,271,43610,77824,0,32768,0
184,23117,10,0,True,True,False,1405441475,8450,52529,90112,4096,0,0
185,23117,12,0,True,True,False,1405441400,8450,8577,8192,5632,0,0
186,23117,3,0,False,False,False,998081827,271,11972,49664,0,32768,0
187,23117,10,0,False,False,False,1405441637,259,53679,183808,15872,0,0
188,23117,3,0,False,False,False,1208111528,271,21719,3584,0,32768,0
189,23117,3,0,False,False,False,1208112173,271,13955,3072,0,32768,0
190,23117,4,0,True,True,False,1405441203,8450,42,5120,0,0,0
191,23117,3,0,False,False,False,1208112293,271,15910,1536,0,32768,0
192,23117,3,0,False,False,False,1066275662,271,29892,40960,0,0,0
193,23117,3,0,False,False,False,1208111819,271,36828,480768,0,32768,0
194,23117,3,0,False,False,False,1208113191,271,39403,109568,0,32768,0
195,23117,21,0,True,False,False,1208114859,270,1932118,342144,0,0,0
196,23117,10,0,False,False,False,1405441605,259,10118,12288,5632,0,0
197,23117,10,0,False,False,False,1405441632,259,55969,183296,4096,0,0
198,23117,4,48,False,True,False,1405441409,8966,42,1070080,0,0,0
199,23117,4,0,False,False,False,1208112086,271,33650,14336,0,32768,0
200,23117,3,0,False,False,False,998081747,271,9014,5632,0,32768,0
201,23117,10,0,False,False,False,1405441623,259,11430,19456,1536,0,0
202,23117,3,0,False,False,False,998082107,271,18262,4096,0,0,0
203,23117,3,0,False,False,False,998081337,271,8224,6656,0,32768,0
204,23117,3,0,False,False,False,1208112023,271,51158,7680,0,32768,0
205,23117,3,0,False,False,False,998081342,271,12720,10240,0,32768,0
206,23117,4,0,True,True,False,1405441201,8450,42,5632,0,0,0
207,23117,11,0,True,True,False,1405441380,8450,8209,6656,5632,0,0
208,23117,3,0,False,False,False,1208111687,271,13246,3584,0,32768,0
209,23117,3,0,False,False,False,998081609,271,5910,3584,0,32768,0
210,23117,3,0,False,False,False,1208111758,271,105335,78848,0,32768,0
211,23117,3,0,False,False,False,1208111451,271,15004,5120,0,32768,0
212,23117,7,0,True,True,False,1405441429,8450,8873,20480,0,0,0
213,23117,3,0,False,False,False,998081338,271,12254,9216,0,32768,0
214,23117,3,0,False,False,False,998081473,287,4456,1536,0,32768,0
215,23117,3,0,False,False,False,1208111606,271,10545,9216,0,32768,0
216,23117,3,0,False,False,False,998081577,271,4386,25600,0,32768,0
217,23117,3,0,False,False,False,1208111917,271,17283,20480,0,32768,0
218,23117,12,0,True,True,False,1405441771,8450,66577,35328,5632,0,0
219,23117,12,0,True,True,False,1405441365,8450,5553,7168,1024,0,0
220,23117,3,0,False,False,False,1208113189,271,52669,132608,0,32768,0
221,23117,3,0,False,False,False,1208112053,271,16888,58880,0,32768,0
222,23117,3,0,False,False,False,998081331,271,11834,8704,0,32768,0
223,23117,3,0,False,False,False,1208111515,271,58337,48128,0,32768,0
224,23117,3,0,False,False,False,998081615,271,6129,10752,0,32768,0
225,23117,3,0,False,False,False,1208111634,271,28116,70144,0,32768,0
226,23117,3,0,False,False,False,1208111813,271,15956,6144,0,32768,0
227,23117,3,0,False,False,False,1208111499,271,25782,40960,0,32768,0
228,23117,3,0,False,False,False,1208111638,271,7879,8192,0,32768,0
229,23117,3,0,False,False,False,1208111519,271,12557,8192,0,32768,0
230,23117,3,0,False,False,False,1208113190,271,46028,24064,0,32768,0
231,23117,3,0,False,False,False,1208111452,271,13189,27648,0,33792,0
232,23117,12,0,True,True,False,1405441681,8450,24529,827904,2048,0,0
233,23117,4,48,False,True,False,1405441237,8966,42,7168,0,0,0
234,23117,3,0,False,False,False,998081731,271,15648,25600,0,32768,0
235,23117,3,0,False,False,False,1208111732,271,9412,338432,0,32768,0
236,23117,3,0,False,False,False,1208111769,271,19261,74240,0,32768,0
237,23117,4,0,True,False,False,1208111681,286,42226,7168,0,0,0
238,23117,3,0,False,False,False,1208111823,271,102166,275456,0,32768,0
239,23117,3,0,False,False,False,1208111685,271,11059,2048,0,32768,0
240,23117,3,0,False,False,False,998081703,271,11022,1536,0,32768,0
241,23117,3,0,False,False,False,1208114401,287,17989,8704,0,32768,0
242,23117,3,0,False,False,False,1208111595,271,20058,9728,0,32768,0
243,23117,3,0,False,False,False,998081424,271,42585,4608,0,32768,0
244,23117,3,0,False,False,False,1208111501,271,7936,8192,0,32768,0
245,23117,3,0,False,False,False,1208111760,271,149657,43520,0,32768,0
246,23117,3,0,False,False,False,1208111602,271,25619,78336,0,32768,0
247,23117,3,0,False,False,False,998081339,271,12632,10752,0,32768,0
248,23117,3,0,False,False,False,998098977,271,23176,293888,0,32768,0
249,23117,3,0,False,False,False,1208111775,271,30549,7680,0,32768,0
250,23117,3,0,False,False,False,1208112054,3343,74294,171008,0,32768,0
251,23117,3,0,False,False,False,998081824,271,5223,5632,0,32768,0
252,23117,3,0,False,False,False,990825146,271,12210,31744,0,0,0
253,23117,3,0,False,False,False,1208113198,271,31756,11776,0,32768,0
254,23117,12,0,True,True,False,1405441672,8450,17425,341504,1024,0,0
255,23117,5,0,True,False,False,1362482416,290,18470,822784,0,33088,0
256,23117,3,0,False,False,False,998081653,271,15947,105984,0,32768,0
257,23117,3,0,False,False,False,1208113172,271,26031,25600,0,32768,0
258,23117,4,0,False,False,False,1208111924,271,43908,5120,0,32768,0
259,23117,3,0,False,False,False,1208112071,271,163196,38400,0,32768,0
260,23117,3,0,False,False,False,1208112297,271,86943,41984,0,32768,0
261,23117,3,0,False,False,False,998081654,271,21602,37888,0,32768,0
262,23117,11,0,True,True,False,1405441383,8450,8657,7168,5632,0,0
263,23117,4,0,False,False,False,1208111917,271,28555,9728,0,32768,0
264,23117,4,0,False,False,False,1208111918,271,55527,22528,0,32768,0
265,23117,7,0,True,True,False,1405441591,8450,4530,20480,0,0,0
266,23117,3,0,False,False,False,998081643,271,9483,55296,0,32768,0
267,23117,3,0,False,False,False,998081842,271,11121,16384,0,32768,0
268,23117,3,0,False,False,False,998081290,271,28045,14848,0,32768,0
269,23117,3,0,False,False,False,1208111511,271,27747,12288,0,32768,0
270,23117,11,0,True,True,False,1405441768,8450,10433,6656,5632,0,0
271,23117,3,0,False,False,False,1208112781,271,13146,2048,0,32768,0
272,23117,5,0,False,False,False,1260053604,271,13704,169984,1024,32768,0
273,23117,3,0,False,False,False,998081627,271,8010,5120,0,32768,0
274,23117,12,0,True,True,False,1405441396,8450,23073,11776,5632,0,0
275,23117,3,0,False,False,False,998081589,271,5687,2048,0,32768,0
276,23117,3,0,False,False,False,1208113226,271,8670,8192,0,32768,0
277,23117,3,0,False,False,False,1208111685,271,40580,196608,0,32768,0
278,23117,12,0,True,True,False,1405441399,8450,5201,7168,1024,0,0
279,23117,3,0,False,False,False,1208111994,271,4427,2048,0,32768,0
280,23117,2,0,False,False,False,1027992322,271,4238,2560,0,0,0
281,23117,3,0,False,False,False,998081335,271,13770,8704,0,32768,0
282,23117,3,0,False,False,False,998081441,271,9263,3584,0,32768,0
283,23117,3,0,False,False,False,1208113133,271,191387,305664,0,32768,0
284,23117,2,0,False,False,False,998081627,271,4274,2048,0,32768,0
285,23117,4,0,True,True,False,1405441202,8450,42,6144,0,0,0
286,23117,4,0,True,True,False,1405441203,8450,42,5120,0,0,0
287,23117,12,0,True,True,False,1405441758,8450,74417,46592,5632,0,0
288,23117,3,0,False,False,False,1208111916,271,4413,1536,0,32768,0
289,23117,3,0,False,False,False,1208113175,271,5013,6656,0,32768,0
290,23117,3,0,False,False,False,1208111918,271,44308,26624,0,32768,0
291,23117,12,0,True,True,False,1405441739,8450,19777,17920,5632,0,0
292,23117,3,0,False,False,False,998081744,271,4643,52224,0,32768,0
293,23117,9,0,True,True,False,1405441591,8450,5828,5120,11776,0,0
294,23117,12,0,True,True,False,1405441426,8450,14641,11776,5632,0,0
295,23117,3,0,False,False,False,1208112458,271,150388,220672,0,32768,0
296,23117,3,0,False,False,False,1208111585,271,15748,3584,0,32768,0
297,23117,3,0,False,False,False,1208113174,271,14886,17408,0,32768,0
298,23117,3,0,False,False,False,998081841,271,15757,19456,0,32768,0
299,23117,3,0,False,False,False,1208111732,271,32899,6144,0,32768,0
300,23117,3,0,False,False,False,1208111957,271,16319,9216,0,32768,0
301,23117,11,0,True,True,False,1405441390,8450,6129,6144,1024,0,0
302,23117,4,0,True,True,False,1405441199,8450,42,5120,0,0,0
303,23117,3,0,False,False,False,998081891,271,10931,9216,0,32768,0
304,23117,12,0,True,True,False,1405441563,8450,205585,126976,14336,0,0
305,23117,3,0,False,False,False,1208111931,271,37357,75776,0,32768,0
306,23117,3,0,False,False,False,1195982506,291,801610,196608,573440,32768,0
307,23117,3,0,False,False,False,1208111541,271,10011,2560,0,32768,0
308,23117,3,0,False,False,False,1208112042,271,31984,15872,0,32768,0
309,23117,7,0,True,True,False,1405441282,8450,4138,3072,0,0,0
310,23117,12,0,True,True,False,1405441383,8450,77937,48640,5632,0,0
311,23117,3,0,False,False,False,998081629,271,9353,7168,0,32768,0
312,23117,5,0,False,False,False,1208111612,271,6046,5632,512,32768,0
313,23117,3,0,False,False,False,998081889,271,4342,1536,0,32768,0
314,23117,3,0,False,False,False,1208111977,271,10852,2048,0,32768,0
315,23117,3,0,False,False,False,1208111615,271,149088,8192,0,32768,0
316,23117,3,0,False,False,False,1208111755,271,216041,100352,0,32768,0
317,23117,9,0,True,True,False,1405441456,8450,6736,24576,4096,0,0
318,23117,3,0,False,False,False,1208111776,271,54615,5120,0,32768,0
319,23117,3,0,False,False,False,1208111485,271,8964,8192,0,33792,0
320,23117,3,0,False,False,False,1208112211,271,10015,5120,0,32768,0
321,23117,3,0,False,False,False,1208111481,271,85380,55296,0,32768,0
322,23117,3,0,False,False,False,1208111494,303,5351,7680,0,32768,0
323,23117,4,0,True,True,False,1405441205,8450,42,5632,0,0,0
324,23117,3,0,False,False,False,1208111461,271,5222,1536,0,32768,0
325,23117,3,0,False,False,False,1208111648,271,25113,1536,0,32768,0
326,23117,4,0,True,True,False,1405441206,8450,42,5632,0,0,0
327,23117,3,0,False,False,False,1208111748,271,32966,12800,0,32768,0
328,23117,8,0,True,True,False,1405441589,8450,4259,4096,0,0,0
329,23117,3,0,False,False,False,1208111455,271,15897,19456,0,32768,0
330,23117,3,0,False,False,False,1208111776,271,53671,5120,0,32768,0
331,23117,3,0,False,False,False,998081472,271,14968,20992,0,32768,0
332,23117,3,0,False,False,False,998081338,271,11952,8704,0,32768,0
333,23117,12,0,True,True,False,1405441419,8450,31633,32768,5632,0,0
334,23117,12,0,True,True,False,1405441393,8450,15601,12288,6144,0,0
335,23117,3,0,False,False,False,1208111888,271,100468,487424,0,32768,0
336,23117,3,0,False,False,False,998081337,271,15744,26624,0,32768,0
337,23117,3,0,False,False,False,1208111772,271,109083,104448,0,32768,0
338,23117,3,0,False,False,False,1208111689,271,105446,16384,0,32768,0
339,23117,3,0,False,False,False,1208111618,271,85420,15360,0,32768,0
340,23117,3,0,False,False,False,998081568,271,23517,2560,0,32768,0
341,23117,3,0,False,False,False,1208111627,271,22424,5120,0,32768,0
342,23117,3,0,False,False,False,1208113175,271,11145,11776,0,32768,0
343,23117,3,0,False,False,False,998081834,271,8416,12288,0,32768,0
344,23117,3,0,False,False,False,1208111729,271,8459,5120,0,32768,0
345,23117,8,0,True,True,False,1405441474,8450,9590,20480,4096,0,0
346,23117,3,0,False,False,False,998081484,271,9802,16896,0,32768,0
347,23117,3,0,False,False,False,998081565,271,4449,3072,0,32768,0
348,23117,3,0,False,False,False,998081591,271,12245,1536,0,32768,0
349,23117,3,0,False,False,False,1208113060,271,34932,72192,0,32768,0
350,23117,3,0,False,False,False,1208113177,271,8175,9728,0,32768,0
351,23117,3,0,False,False,False,998081891,271,29884,4096,0,32768,0
352,23117,4,0,False,False,False,1208112086,271,35800,15360,0,32768,0
353,23117,3,0,False,False,False,998081212,271,35359,85504,0,32768,0
354,23117,11,0,True,True,False,1405441337,8450,4138,92672,8704,0,0
355,23117,12,0,True,True,False,1405441768,8450,33729,26624,5632,0,0
356,23117,3,0,False,False,False,998081681,271,4493,2560,0,32768,0
357,23117,3,0,False,False,False,1208111450,271,72233,2048,0,32768,0
358,23117,9,0,True,True,False,1405441466,8450,9489,49152,0,0,0
359,23117,4,0,False,False,False,1208111629,271,29737,12288,0,32768,0
360,23117,3,0,False,False,False,998081724,271,8399,7168,0,32768,0
361,23117,4,0,True,True,False,1405441200,8450,42,5120,0,0,0
362,23117,12,0,True,True,False,1405441902,8450,85889,337920,8192,0,0
363,23117,12,0,True,True,False,1405441890,8450,71185,39424,5632,0,0
364,23117,3,0,False,False,False,1208111528,271,39636,27648,0,32768,0
365,23117,11,0,True,True,False,1405441878,8450,8369,37888,1024,0,0
366,23117,12,0,True,True,False,1405441714,8450,852353,182784,15360,0,0
367,23117,3,0,False,False,False,998081390,271,26480,29696,0,32768,0
368,23117,3,0,False,False,False,1208111636,271,92488,313344,0,32768,0
369,23117,3,0,False,False,False,998081824,271,4609,4608,0,32768,0
370,23117,3,0,False,False,False,1208111572,271,22937,3072,0,32768,0
371,23117,8,0,True,True,False,1405441447,8450,16827,20480,4096,0,0
372,23117,12,0,True,True,False,1405441364,8450,5233,29696,1024,0,0
373,23117,3,0,False,False,False,998082053,271,40630,5120,0,32768,0
374,23117,3,0,False,False,False,1208111767,271,35221,33280,0,32768,0
375,23117,3,0,False,False,False,998082332,271,25114,8192,0,32768,0
376,23117,25,0,True,False,False,1208111466,302,1804298,364928,0,0,0
377,23117,3,0,False,False,False,1208112325,271,4413,12288,0,32768,0
378,23117,4,50,False,True,False,1405441272,8966,42,2560,0,0,0
379,23117,3,0,False,False,False,990825151,271,24978,13312,0,0,0
380,23117,5,118,True,True,False,1405441272,8966,42,3584,0,0,0
381,23117,3,0,False,False,False,1180989235,271,4774,3072,0,32768,0
382,23117,12,0,True,True,False,1405441758,8450,128177,151040,5632,0,0
383,23117,3,0,False,False,False,1208111978,271,42003,13824,0,32768,0
384,23117,12,0,True,True,False,1405441711,8450,6369,8192,1024,0,0
385,23117,12,0,True,True,False,1405441399,8450,6401,7168,1024,0,0
386,23117,3,0,False,False,False,1208112288,287,191132,19456,0,32768,0
387,23117,3,0,False,False,False,998081838,271,5728,35840,0,32768,0
388,23117,3,0,False,False,False,998081618,271,5965,1536,0,32768,0
389,23117,4,0,False,False,False,976557288,271,14648,24576,0,0,0
390,23117,4,0,False,False,False,976557618,271,6282,20480,0,0,0
391,23117,10,0,True,True,False,1405441479,8450,11351,73728,0,0,0
392,23117,2,0,False,False,False,998081352,271,5024,4096,0,32768,0
393,23117,3,0,False,False,False,998081653,271,6463,4608,0,32768,0
394,23117,3,0,False,False,False,1208113167,271,22839,53248,0,32768,0
395,23117,4,0,False,False,False,1208112086,271,34597,12288,0,32768,0
396,23117,3,0,False,False,False,1187704512,271,216282,284672,0,32768,0
397,23117,11,0,True,True,False,1405441386,8450,8849,6656,5632,0,0
398,23117,3,0,False,False,False,1180989267,271,5434,2048,0,32768,0
399,23117,10,0,True,True,False,1405441342,8450,4138,135680,8704,0,0
400,23117,3,0,False,False,False,1208111827,271,4403,107008,0,32768,0
401,23117,3,0,False,False,False,998082337,271,28227,7680,0,32768,0
402,23117,3,0,False,False,False,1208111527,271,13723,8704,0,32768,0
403,23117,12,0,True,True,False,1405441871,8450,11649,68096,1024,0,0
404,23117,3,0,False,False,False,1208111664,271,44320,7168,0,32768,0
405,23117,3,0,False,False,False,1208111652,271,489013,364032,0,32768,0
406,23117,3,0,False,False,False,998081592,271,7324,1536,0,32768,0
407,23117,3,0,False,False,False,1208111628,271,63006,55808,0,32768,0
408,23117,3,0,False,False,False,1208111826,271,38008,20480,0,32768,0
409,23117,3,0,False,False,False,998081330,271,11994,9216,0,32768,0
410,23117,3,0,False,False,False,998081676,271,27190,8704,0,32768,0
411,23117,3,0,False,False,False,1208111941,271,47871,36864,0,32768,0
412,23117,3,0,False,False,False,1208112191,271,9041,4608,0,32768,0
413,23117,12,0,True,True,False,1405441871,8450,585473,753664,120320,0,0
414,23117,8,0,True,True,False,1405441435,8450,42238,65536,4096,0,0
415,23117,3,0,False,False,False,1208111460,271,13218,6144,0,32768,0
416,23117,11,0,True,True,False,1405441379,8450,12097,11776,5632,0,0
417,23117,3,0,False,False,False,998081348,271,11994,40960,0,32768,0
418,23117,3,0,False,False,False,998081389,271,8154,31744,0,32768,0
419,23117,3,0,False,False,False,1208120649,287,255499,57856,0,32768,0
